{
    "train_loss": [
        0.08473400192032568,
        0.0002611529139103368,
        0.00010706463476526551,
        6.865722055954393e-05,
        7.801806461066008e-05,
        2.3860610763222212e-05,
        1.2982356562133645e-05,
        0.0001461198479091763,
        8.220391022405238e-06,
        9.433233055460732e-06,
        6.110462934429961e-06,
        4.469151225748647e-06,
        4.897479690498585e-06,
        4.6045242334002974e-06,
        3.494838559618074e-06,
        4.143500165355362e-06,
        2.8129311783686715e-06,
        1.979118098233812e-06,
        1.8105581109466584e-06,
        2.704516043195326e-06,
        1.8915343317758016e-06,
        2.1734149260055345e-06,
        1.6650570408955901e-06,
        2.603020694550651e-06,
        8.27062152382041e-07,
        1.6777220989752095e-06,
        7.301288756025315e-07,
        6.930012057466683e-07,
        7.195165430573524e-07,
        1.2549076441814578e-06
    ],
    "val_loss": [
        9.63695403188467e-05,
        3.32058662752388e-05,
        1.2020638700050768e-05,
        8.805561941699126e-06,
        4.1946589790313735e-06,
        1.9499892723615632e-06,
        1.4902326656738297e-06,
        8.436880887074949e-07,
        6.770720187887491e-07,
        5.264972326131101e-07,
        4.032235810882412e-07,
        3.5609683072834744e-07,
        2.991531777070122e-07,
        2.5471113372077524e-07,
        2.2382941915566334e-07,
        1.787424762369483e-07,
        1.481180202631549e-07,
        1.27421706054065e-07,
        1.0872272287087981e-07,
        9.321024293740266e-08,
        4.920432024846377e-08,
        2.7295988033415597e-08,
        2.6702001804324027e-08,
        3.1677140782448986e-08,
        1.9510545882894803e-08,
        1.1855485098521967e-08,
        1.3940928727862457e-08,
        1.5461966766494585e-08,
        9.682684057210622e-09,
        1.595566413037375e-08
    ],
    "val_acc": [
        1.0,
        1.0,
        1.0,
        1.0,
        1.0,
        1.0,
        1.0,
        1.0,
        1.0,
        1.0,
        1.0,
        1.0,
        1.0,
        1.0,
        1.0,
        1.0,
        1.0,
        1.0,
        1.0,
        1.0,
        1.0,
        1.0,
        1.0,
        1.0,
        1.0,
        1.0,
        1.0,
        1.0,
        1.0,
        1.0
    ]
}